channel,observed_group,count,share_percent,Linear regression,Training-mean baseline,regression_minus_baseline_mae,weighted_contribution
Axis #1,Positive,3519,44.34782608695652,1.7870575584806705,1.7239541447369027,0.06310341374376782,0.027984992182018772
Axis #1,Zero,4416,55.65217391304348,1.2219908915708566,0.8042427988068733,0.4177480927639833,0.23248589510343418
Axis #2,Positive,3532,44.51165721487082,6.557404084550134,7.28703832964789,-0.7296342450977562,-0.3247722941002237
Axis #2,Zero,4403,55.48834278512918,5.918990934368569,3.952105120783094,1.966885813585475,1.0913923424343852
Axis #3,Positive,3522,44.385633270321364,4.4172558623223015,5.184629630661442,-0.7673737683391408,-0.3406037066276565
Axis #3,Zero,4413,55.614366729678636,4.287221166996619,2.9904689102214004,1.2967522567752185,0.7211805556583539
Axis #4,Positive,3471,43.742911153119096,1.325687075682049,1.3680600993229102,-0.04237302364086126,-0.018535194084112094
Axis #4,Zero,4464,56.257088846880904,1.0617414899398383,0.6811250002100575,0.3806164897297808,0.21412375679316215
Axis #5,Positive,3517,44.32262129804663,1.985722517038684,2.0728225019939344,-0.08709998495525029,-0.03860499648237117
Axis #5,Zero,4418,55.67737870195337,1.5535620069730522,1.0513347325967317,0.5022272743763205,0.2796269814990024
Axis #6,Positive,3454,43.528670447385004,1.4810954424744862,1.4591544732426691,0.021940969231817098,0.009550612189879806
Axis #6,Zero,4481,56.471329552614996,0.9792692843410153,0.6539819505944626,0.3252873337465527,0.1836940822329304
Axis #7,Positive,3475,43.79332073093888,2.3166695274923716,2.2340090743042182,0.0826604531881534,0.036199757382335614
Axis #7,Zero,4460,56.20667926906112,1.4815342525276474,0.9552813094988027,0.5262529430288446,0.29578930383221763
Axis #8,Positive,3501,44.12098298676749,0.2518473983565094,0.2220615143270593,0.029785884029450066,0.013141824825091958
Axis #8,Zero,4434,55.87901701323251,0.17246059519418153,0.11146586186615133,0.060994733328030196,0.034083257413545794
