channel,method,observed_group,count,share_percent,mae
Axis #1,Linear regression,Zero,4416,55.65217391304348,1.2219908915708566
Axis #1,Linear regression,Positive,3519,44.34782608695652,1.7870575584806705
Axis #1,Linear regression,Negative,0,0.0,
Axis #1,Training-mean baseline,Zero,4416,55.65217391304348,0.8042427988068733
Axis #1,Training-mean baseline,Positive,3519,44.34782608695652,1.7239541447369027
Axis #1,Training-mean baseline,Negative,0,0.0,
Axis #2,Linear regression,Zero,4403,55.48834278512918,5.918990934368569
Axis #2,Linear regression,Positive,3532,44.51165721487082,6.557404084550134
Axis #2,Linear regression,Negative,0,0.0,
Axis #2,Training-mean baseline,Zero,4403,55.48834278512918,3.952105120783094
Axis #2,Training-mean baseline,Positive,3532,44.51165721487082,7.28703832964789
Axis #2,Training-mean baseline,Negative,0,0.0,
Axis #3,Linear regression,Zero,4413,55.614366729678636,4.287221166996619
Axis #3,Linear regression,Positive,3522,44.385633270321364,4.4172558623223015
Axis #3,Linear regression,Negative,0,0.0,
Axis #3,Training-mean baseline,Zero,4413,55.614366729678636,2.9904689102214004
Axis #3,Training-mean baseline,Positive,3522,44.385633270321364,5.184629630661442
Axis #3,Training-mean baseline,Negative,0,0.0,
Axis #4,Linear regression,Zero,4464,56.257088846880904,1.0617414899398383
Axis #4,Linear regression,Positive,3471,43.742911153119096,1.325687075682049
Axis #4,Linear regression,Negative,0,0.0,
Axis #4,Training-mean baseline,Zero,4464,56.257088846880904,0.6811250002100575
Axis #4,Training-mean baseline,Positive,3471,43.742911153119096,1.3680600993229102
Axis #4,Training-mean baseline,Negative,0,0.0,
Axis #5,Linear regression,Zero,4418,55.67737870195337,1.5535620069730522
Axis #5,Linear regression,Positive,3517,44.32262129804663,1.985722517038684
Axis #5,Linear regression,Negative,0,0.0,
Axis #5,Training-mean baseline,Zero,4418,55.67737870195337,1.0513347325967317
Axis #5,Training-mean baseline,Positive,3517,44.32262129804663,2.0728225019939344
Axis #5,Training-mean baseline,Negative,0,0.0,
Axis #6,Linear regression,Zero,4481,56.471329552614996,0.9792692843410153
Axis #6,Linear regression,Positive,3454,43.528670447385004,1.4810954424744862
Axis #6,Linear regression,Negative,0,0.0,
Axis #6,Training-mean baseline,Zero,4481,56.471329552614996,0.6539819505944626
Axis #6,Training-mean baseline,Positive,3454,43.528670447385004,1.4591544732426691
Axis #6,Training-mean baseline,Negative,0,0.0,
Axis #7,Linear regression,Zero,4460,56.20667926906112,1.4815342525276474
Axis #7,Linear regression,Positive,3475,43.79332073093888,2.3166695274923716
Axis #7,Linear regression,Negative,0,0.0,
Axis #7,Training-mean baseline,Zero,4460,56.20667926906112,0.9552813094988027
Axis #7,Training-mean baseline,Positive,3475,43.79332073093888,2.2340090743042182
Axis #7,Training-mean baseline,Negative,0,0.0,
Axis #8,Linear regression,Zero,4434,55.87901701323251,0.17246059519418153
Axis #8,Linear regression,Positive,3501,44.12098298676749,0.2518473983565094
Axis #8,Linear regression,Negative,0,0.0,
Axis #8,Training-mean baseline,Zero,4434,55.87901701323251,0.11146586186615133
Axis #8,Training-mean baseline,Positive,3501,44.12098298676749,0.2220615143270593
Axis #8,Training-mean baseline,Negative,0,0.0,
